,Receive Frequency,Transmit Frequency,Offset Frequency,Offset Direction,Operating Mode,Name,Tone Mode,CTCSS,Rx CTCSS,DCS,Rx DCS,DCS Polarity,Tx Power,Scan Add,Busy Lock,PTT ID,Signal Code,Comment,
0,146.88000,146.28000,600 kHz,Minus,FM,SARAV,T Sql,107.2,107.2,023,023,Both N,High,Scan,N,0,0,,
1,444.37500,449.37500,5.00000 MHz,Plus,FM,SARAUHF,T Sql,114.8,114.8,023,023,Both N,High,Scan,N,0,0,,
2,146.52000,146.52000,,Simplex,FM,52,None,67.0,67.0,023,023,Both N,High,Scan,N,0,0,,
3,,,,,,,,,,,,,,,,,,,
4,,,,,,,,,,,,,,,,,,,
5,,,,,,,,,,,,,,,,,,,
6,,,,,,,,,,,,,,,,,,,
7,,,,,,,,,,,,,,,,,,,
8,,,,,,,,,,,,,,,,,,,
9,,,,,,,,,,,,,,,,,,,
10,,,,,,,,,,,,,,,,,,,
11,,,,,,,,,,,,,,,,,,,
12,,,,,,,,,,,,,,,,,,,
13,,,,,,,,,,,,,,,,,,,
14,,,,,,,,,,,,,,,,,,,
15,,,,,,,,,,,,,,,,,,,
16,,,,,,,,,,,,,,,,,,,
17,,,,,,,,,,,,,,,,,,,
18,,,,,,,,,,,,,,,,,,,
19,,,,,,,,,,,,,,,,,,,
20,,,,,,,,,,,,,,,,,,,
21,,,,,,,,,,,,,,,,,,,
22,,,,,,,,,,,,,,,,,,,
23,,,,,,,,,,,,,,,,,,,
24,,,,,,,,,,,,,,,,,,,
25,,,,,,,,,,,,,,,,,,,
26,,,,,,,,,,,,,,,,,,,
27,,,,,,,,,,,,,,,,,,,
28,,,,,,,,,,,,,,,,,,,
29,,,,,,,,,,,,,,,,,,,
30,,,,,,,,,,,,,,,,,,,
31,,,,,,,,,,,,,,,,,,,
32,,,,,,,,,,,,,,,,,,,
33,,,,,,,,,,,,,,,,,,,
34,,,,,,,,,,,,,,,,,,,
35,,,,,,,,,,,,,,,,,,,
36,,,,,,,,,,,,,,,,,,,
37,,,,,,,,,,,,,,,,,,,
38,,,,,,,,,,,,,,,,,,,
39,,,,,,,,,,,,,,,,,,,
40,,,,,,,,,,,,,,,,,,,
41,,,,,,,,,,,,,,,,,,,
42,,,,,,,,,,,,,,,,,,,
43,,,,,,,,,,,,,,,,,,,
44,,,,,,,,,,,,,,,,,,,
45,,,,,,,,,,,,,,,,,,,
46,,,,,,,,,,,,,,,,,,,
47,,,,,,,,,,,,,,,,,,,
48,,,,,,,,,,,,,,,,,,,
49,,,,,,,,,,,,,,,,,,,
50,,,,,,,,,,,,,,,,,,,
51,,,,,,,,,,,,,,,,,,,
52,,,,,,,,,,,,,,,,,,,
53,,,,,,,,,,,,,,,,,,,
54,,,,,,,,,,,,,,,,,,,
55,,,,,,,,,,,,,,,,,,,
56,,,,,,,,,,,,,,,,,,,
57,,,,,,,,,,,,,,,,,,,
58,,,,,,,,,,,,,,,,,,,
59,,,,,,,,,,,,,,,,,,,
60,,,,,,,,,,,,,,,,,,,
61,,,,,,,,,,,,,,,,,,,
62,,,,,,,,,,,,,,,,,,,
63,,,,,,,,,,,,,,,,,,,
64,,,,,,,,,,,,,,,,,,,
65,,,,,,,,,,,,,,,,,,,
66,,,,,,,,,,,,,,,,,,,
67,,,,,,,,,,,,,,,,,,,
68,,,,,,,,,,,,,,,,,,,
69,,,,,,,,,,,,,,,,,,,
70,,,,,,,,,,,,,,,,,,,
71,,,,,,,,,,,,,,,,,,,
72,,,,,,,,,,,,,,,,,,,
73,,,,,,,,,,,,,,,,,,,
74,,,,,,,,,,,,,,,,,,,
75,,,,,,,,,,,,,,,,,,,
76,,,,,,,,,,,,,,,,,,,
77,,,,,,,,,,,,,,,,,,,
78,,,,,,,,,,,,,,,,,,,
79,,,,,,,,,,,,,,,,,,,
80,,,,,,,,,,,,,,,,,,,
81,,,,,,,,,,,,,,,,,,,
82,,,,,,,,,,,,,,,,,,,
83,,,,,,,,,,,,,,,,,,,
84,,,,,,,,,,,,,,,,,,,
85,,,,,,,,,,,,,,,,,,,
86,,,,,,,,,,,,,,,,,,,
87,,,,,,,,,,,,,,,,,,,
88,,,,,,,,,,,,,,,,,,,
89,,,,,,,,,,,,,,,,,,,
90,,,,,,,,,,,,,,,,,,,
91,,,,,,,,,,,,,,,,,,,
92,,,,,,,,,,,,,,,,,,,
93,,,,,,,,,,,,,,,,,,,
94,,,,,,,,,,,,,,,,,,,
95,,,,,,,,,,,,,,,,,,,
96,,,,,,,,,,,,,,,,,,,
97,,,,,,,,,,,,,,,,,,,
98,,,,,,,,,,,,,,,,,,,
99,,,,,,,,,,,,,,,,,,,
100,,,,,,,,,,,,,,,,,,,
101,,,,,,,,,,,,,,,,,,,
102,,,,,,,,,,,,,,,,,,,
103,,,,,,,,,,,,,,,,,,,
104,,,,,,,,,,,,,,,,,,,
105,,,,,,,,,,,,,,,,,,,
106,,,,,,,,,,,,,,,,,,,
107,,,,,,,,,,,,,,,,,,,
108,,,,,,,,,,,,,,,,,,,
109,,,,,,,,,,,,,,,,,,,
110,,,,,,,,,,,,,,,,,,,
111,,,,,,,,,,,,,,,,,,,
112,,,,,,,,,,,,,,,,,,,
113,,,,,,,,,,,,,,,,,,,
114,,,,,,,,,,,,,,,,,,,
115,,,,,,,,,,,,,,,,,,,
116,,,,,,,,,,,,,,,,,,,
117,,,,,,,,,,,,,,,,,,,
118,,,,,,,,,,,,,,,,,,,
119,,,,,,,,,,,,,,,,,,,
120,,,,,,,,,,,,,,,,,,,
121,,,,,,,,,,,,,,,,,,,
122,,,,,,,,,,,,,,,,,,,
123,,,,,,,,,,,,,,,,,,,
124,,,,,,,,,,,,,,,,,,,
125,,,,,,,,,,,,,,,,,,,
126,,,,,,,,,,,,,,,,,,,
127,,,,,,,,,,,,,,,,,,,
